{
  "balance": 4.945478435,
  "tax": 2.12589134
}
